
{
    "intrinsics": {
        "K": [1.27584634923877138135e+03, 0.00000000000000000000e+00, 6.56664306087914724230e+02, 0.00000000000000000000e+00, 1.27607986187277856516e+03, 5.30144722790210494168e+02, 0.00000000000000000000e+00, 0.00000000000000000000e+00, 1.00000000000000000000e+00],
        "distortion": [-1.05744945276261548273e-01, 1.19044028809361226995e-01, 0.00000000000000000000e+00, 0.00000000000000000000e+00, 1.79929511462296715107e-01],
        "calibration_tolerance": 0.200040,
        "resolution": [1024, 1280]
    }
}
