
{
    "intrinsics": {
        "K": [1.27471722558161673078e+03, 0.00000000000000000000e+00, 6.55641056197872785560e+02, 0.00000000000000000000e+00, 1.27458284274497032129e+03, 5.26982545415483741635e+02, 0.00000000000000000000e+00, 0.00000000000000000000e+00, 1.00000000000000000000e+00],
        "distortion": [-1.10597071372701832859e-01, 1.82448607208627655574e-01, 0.00000000000000000000e+00, 0.00000000000000000000e+00, 3.86954777080232154018e-02],
        "calibration_tolerance": 0.171966,
        "resolution": [1024, 1280]
    }
}
